ID,Production
90,15151.299750142802
16,18132.583956475497
65,25288.535638689376
138,5251.783020111207
166,4729.276108635731
252,39635.7202615068
234,34657.51453278141
306,36603.09752503753
274,86604.12634087965
268,2050.327921894674
346,67685.0672182552
392,24549.75116998505
482,4341.15734844854
476,68096.40086999674
451,29887.261554729306
509,21898.821627523874
531,25288.535638689376
533,22208.753444089372
536,2556.3185296354054
613,23667.152473994924
625,10021.085784050882
654,37023.31672351498
715,28597.700078353606
681,28810.33977146073
693,18116.586868570143
791,15126.362932610753
838,45750.868864745775
966,18315.371058075372
922,22360.36250090026
957,1296.8072473364698
879,171232.17035663166
939,3140.302270078885
933,14071.1712755676
1012,49634.76929592339
1040,29825.40312518992
1086,8293.970358162102
1072,28285.979080501722
1050,36492.88825597845
1081,24071.46682816664
1083,17091.14112870507
1133,53888.040012240606
1235,1480.4597516858682
1185,7366.345434909325
1252,4240.673841194562
1348,38079.92176538444
1415,5864.066271904952
1409,21403.109037527887
1488,43527.48612000166
1450,21498.56497028045
1454,24335.079681606185
1499,10190.11263604883
1535,22774.7648942633
1601,13326.21046200648
1596,13615.01295809829
1602,8546.166092191173
1615,16881.72832383969
1709,37938.799598790465
1796,15486.515032619101
1801,9431.112455824832
1890,26813.744492990478
1963,37664.96733026205
1930,37957.23761740531
1986,26104.405098872576
2001,15414.294646612829
2043,15226.500773494388
2059,53448.9685872791
2119,41588.716189899256
2137,28045.96118903812
2218,37737.211604599615
2183,15347.523824628619
2250,39635.7202615068
2378,9771.528268732418
2416,2038.234381225665
2413,16028.706416296058
2466,749.7539780170256
2485,39141.42332605501
2469,8555.91482851624
36,21161.990078816878
127,11863.682873895985
115,16552.894769962993
98,37875.23381707252
147,13203.626445053656
168,3121.1533432093634
160,16776.77889078202
254,28889.08842660032
322,40329.54439304667
336,13536.425248576139
325,70495.52105334814
345,24067.736891913428
391,19068.623495188007
414,15226.500773494388
405,1290.7344606443735
389,16315.477102543633
379,16692.022292551705
458,25088.983150506374
489,13068.642305977532
480,38933.07807919329
491,42446.77026829204
565,37272.26459155845
584,15081.040719828952
599,13611.199580887844
615,3606.677263784875
621,23385.468974009986
703,167960.26547021838
740,38470.85522946706
832,21032.236980622805
784,192956.345794355
820,16552.894769962993
785,8567.849343929847
837,21503.08825605772
873,10935.516592281243
842,24414.471925827667
947,17721.14369135034
1015,1957.6436519970916
1033,33806.96687255811
1052,14889.993137696838
1103,41555.77073489334
1132,20247.17446461119
1112,39837.70716606453
1165,52674.94934736448
1172,35439.534185934426
1257,13535.675338645748
1275,3218.155863584458
1245,36603.09752503753
1298,17960.573857616288
1286,13999.776629280876
1324,21507.985776623056
1428,35439.534185934426
1418,18244.27186341864
1455,34503.52655307009
1498,2438.61927469016
1470,24478.049619625122
1471,27883.522652013122
1593,26778.210127939128
1594,15755.430757665918
1612,21178.259995689736
1691,745.6897148215809
1687,25490.389462288334
1754,43642.131922932036
1733,78158.06550331478
1813,16797.25121756085
1897,47511.60413786117
1908,13203.626445053656
1952,91219.42882446073
1922,18170.000371741815
1939,5040.219549124606
2002,67685.0672182552
1975,6143.886469726611
2034,49020.44334069439
2061,14183.985044631372
2032,18315.371058075372
2153,9661.492862781026
2135,39605.48680652219
2222,18049.739823318734
2241,36903.88354736129
2268,171940.1832747465
2301,11769.983710817964
2308,34771.361612459834
2297,19842.759045318402
2291,33973.098085533544
2292,41178.680668328125
2385,17019.483468488703
2463,110650.66351451242
2493,41153.94392348481
2474,4395.8611214146595
2482,18132.583956475497
29,46480.45337888079
196,37875.23381707252
186,19656.433423436512
218,33596.57653587735
224,2955.138516963484
200,13100.9559419848
253,4341.15734844854
279,21578.475837995124
284,2741.9340805500833
318,49634.76929592339
302,13479.682801939523
272,34083.30735459264
404,22478.464852828216
443,6159.5201207076425
486,3167.4015401477227
514,6086.018468924939
498,13465.555953471101
563,29825.40312518992
723,38443.01660880854
757,41223.1210902407
816,3051.5127983890598
839,39761.18423797254
875,6399.473876491482
853,5916.685711426762
997,22891.802648036683
1069,28597.700078353606
1105,17104.122290470077
1129,175495.68285945794
1122,25201.00229270541
1205,25618.790966712182
1227,13819.91322358248
1382,11769.983710817964
1328,141419.42225214915
1378,1598.3369340093423
1310,32555.167489583488
1397,2249.334508021034
1408,5864.066271904952
1442,105767.63127909714
1511,36492.88825597845
1506,27004.16304168187
1500,19530.333413572363
1530,24169.476395322443
1572,49634.76929592339
1588,45978.71107527491
1610,67619.40017662941
1728,711.6439981670544
1725,24071.46682816664
1726,11769.983710817964
1760,22921.484492064694
1747,22208.753444089372
1749,11892.56772777079
1899,4791.488990119877
1956,18140.009844131724
1984,27027.862201883454
2017,12556.732583745665
1966,25008.41172974273
1991,22090.37413791008
1989,2555.637270111683
2033,3539.7053365786433
2038,24574.150533539367
2035,30573.00699835786
2067,41915.89618881833
2114,37957.23761740531
2156,17900.94396532806
2116,2722.341717094602
2229,2050.166461516204
2178,13212.011066121711
2238,59131.78095154701
2275,31430.589610817216
2317,22921.484492064694
2313,41588.716189899256
2298,19763.02356439341
2353,32127.931504341275
2377,37957.23761740531
2340,30573.00699835786
2357,18244.27186341864
2435,28157.78938190706
2486,9658.667339822363
2448,35301.79007999638
75,38845.29656267495
15,24928.242691951942
34,39351.03675994139
85,38845.29656267495
40,21227.989500836284
101,18268.715658464258
110,2555.637270111683
179,34792.35626689602
180,58880.62459692772
190,175495.68285945794
215,32608.087002765762
205,1335.9440364355535
225,23750.144013085046
362,37023.31672351498
369,16920.157766854805
371,4833.1986527947965
430,10190.11263604883
393,41352.73281703819
471,2631.6841973882747
455,24179.39559079763
484,40471.12619534595
449,38859.26968519999
499,39636.59131959889
503,39730.95078298794
517,3606.677263784875
512,3698.9951295038763
562,3073.7924384557978
546,1392.8451684073054
541,24162.070187560228
601,8117.685758671081
650,19108.720711910668
633,12403.588018939017
630,39454.33651715619
618,30295.65385148681
668,29887.261554729306
724,28465.46562366417
688,8546.166092191173
769,17790.38527051599
762,29021.040985879983
871,76664.84586557357
865,141419.42225214915
897,24936.500786923207
877,76664.84586557357
1008,49891.75529486966
1007,37957.23761740531
1014,91460.04448938681
1006,16738.414824311538
970,5182.427865019313
979,18573.85617827413
1071,38823.17964703843
1090,3686.6463925953435
1080,26034.948803526295
1135,21507.985776623056
1150,23250.186967855963
1143,30469.204526380363
1114,11863.682873895985
1199,2631.0807010689887
1211,26813.744492990478
1300,36492.88825597845
1285,2491.8924445148996
1284,33521.74945156507
1305,6954.238111833166
1325,27672.431798801303
1312,21578.475837995124
1447,7174.160621473561
1413,26199.77508966076
1432,6954.238111833166
1480,25721.832071681958
1528,49891.75529486966
1570,3430.9269442382633
1559,37924.94581728961
1503,19256.093147128897
1600,21507.985776623056
1573,34329.47440436002
1578,39549.34860525207
1655,39635.7202615068
1660,20843.208221297627
1645,22583.854622333347
1699,51844.446575226764
1724,11062.43520239417
1775,25443.198246121254
1795,50766.797533152974
1771,31640.97994749797
1838,2554.3040777923834
1819,18396.976481335172
1814,5995.3811320623445
1798,31965.817511653786
1799,66100.6043543527
1891,3087.5657762332335
1911,7649.362232887993
1895,31430.589610817216
1889,30525.39514556
1869,49634.76929592339
1916,21041.98470708215
1958,749.7539780170256
2122,23447.96229173725
2083,36694.7041324821
2221,68096.40086999674
2197,22706.97075366399
2213,49634.76929592339
2257,34260.73009076736
2242,20305.183954626922
2236,21499.87327483285
2253,21243.548497605243
2276,47616.83041106713
2312,49873.97817531369
2360,21183.72075789746
2367,25288.535638689376
2350,15734.308351016167
2363,18137.489171884663
2389,11163.461340293192
2415,17802.2001269211
2388,7420.680371519606
2393,21539.828641692915
2439,41836.15182333344
2443,27461.470227834623
20,39658.87360643507
62,74470.16187921258
111,16592.45160170767
109,117487.5274070846
121,21069.9407439473
134,19135.38708345172
191,21152.951419468616
184,37875.23381707252
171,156716.9432158606
210,132298.66610802634
207,161433.10683145045
232,38821.547973870416
314,34613.44778781403
312,1978.958590363221
376,15402.970439897283
358,93570.64051600068
330,3027.730651294775
400,22921.484492064694
495,16525.123164569122
493,9661.492862781026
635,26151.579806301892
667,3227.379227723007
732,17992.42412674578
754,11097.849736645261
759,37957.23761740531
761,33973.098085533544
797,23382.402446395863
810,16881.72832383969
852,27883.522652013122
848,35490.825138349326
906,797.4760567573941
881,26616.891775177348
1009,4608.682381737297
1047,51070.190056215135
1238,35439.534185934426
1239,40329.54439304667
1225,18573.85617827413
1241,10824.64865959578
1247,24830.327300114437
1350,5622.421130849381
1317,13980.651912377138
1422,37957.23761740531
1427,59131.78095154701
1465,23247.517356847686
1482,49634.76929592339
1518,49634.76929592339
1564,6082.293416339613
1545,2631.6841973882747
1626,27365.99738739405
1641,37957.23761740531
1657,23212.62606500722
1625,38616.14927269404
1649,20737.276298221037
1621,22058.861951060193
1666,6940.1112633647435
1704,19786.186521630585
1674,7371.813221084976
1772,1871.8962578496696
1788,15347.523824628619
1730,24023.71026389453
1784,31352.410609397837
1807,18410.94723335295
1827,11062.43520239417
1817,18680.046446794975
1853,159349.6973418
1921,14513.483283081803
1942,24157.496705829937
1964,107513.91543394525
1962,70495.52105334814
1969,92050.91373736669
2013,30573.00699835786
2011,2794.063980950718
2051,105033.22967753992
2042,2555.637270111683
2105,74470.16187921258
2084,103871.9553126951
2164,5143.254523623821
2207,39351.03675994139
2157,68096.40086999674
2246,76664.84586557357
2285,13999.776629280876
2307,2104.6104403027
2309,18468.84339800842
2364,13536.425248576139
2432,39700.50356692358
2430,28465.46562366417
2414,86599.30434638275
2471,68627.53321158717
2440,39141.42332605501
2531,10082.45288423569
2507,21403.109037527887
2702,21299.30259073213
2740,21152.951419468616
2806,21499.87327483285
2862,13357.098784986698
2860,12684.964810813995
2964,161433.10683145045
2871,17790.38527051599
2877,6954.238111833166
3002,22524.016516718842
2991,37569.20535195495
3004,16552.894769962993
3034,23188.266743713306
3097,15226.500773494388
3105,38809.73733115361
3166,19757.11544591055
3178,25013.5226246706
3240,32317.57795330431
3279,107513.91543394525
3302,39141.42332605501
3335,39635.7202615068
3349,39237.90810994591
3398,19763.02356439341
3417,24116.27748486048
3612,30573.00699835786
3653,10036.06035247584
3712,23450.068559646657
3697,6031.287893639315
3769,40532.891106407435
3758,20983.960931938545
3793,3028.511945623348
3796,15527.141876077647
3932,19656.433423436512
3996,45052.9562081652
3997,35439.534185934426
4070,24566.9443706683
4034,22153.757803113745
4075,3167.4015401477227
4098,21243.548497605243
4104,39667.54330671111
4118,26025.141217772303
4176,18268.715658464258
4191,19786.186521630585
4259,18257.55062705864
4230,21034.572113289327
4301,11878.440879302367
4310,35301.79007999638
4332,27883.522652013122
4358,18137.489171884663
4396,20883.432886436767
4411,37308.59101143558
4395,12265.69791311892
4504,29243.460153538872
4523,4313.495986999736
4529,74470.16187921258
4533,68627.53321158717
4539,24546.05993022827
4647,11832.70065499546
4686,108836.98215743975
4698,6569.73312617277
4696,21498.56497028045
4746,110650.66351451242
4741,4471.911344527818
4783,29759.670112287673
4750,30573.00699835786
4756,21330.26749895395
4819,18137.489171884663
4839,9431.112455824832
4938,9439.53651605395
4907,63178.33762601803
2499,37872.160946645214
2576,19068.623495188007
2556,24635.991926865605
2649,41153.94392348481
2704,49891.75529486966
2663,39454.33651715619
2688,29214.571235880874
2766,9709.620888670075
2765,16766.251673807903
2733,35455.778059707714
2747,10190.11263604883
2758,18573.85617827413
2776,17925.57708149437
2795,21898.821627523874
2830,5351.366183849311
2851,4764.044492081305
2828,19763.02356439341
2818,25156.12175124736
2966,171940.1832747465
2950,23364.673366091858
3015,39454.33651715619
2983,38845.29656267495
3065,37875.23381707252
3087,11807.021007479072
3101,1882.2692514344526
3060,33596.57653587735
3056,41352.73281703819
3133,19409.331137412926
3110,40345.6622188802
3164,72235.56776399353
3182,41657.54206540335
3174,25201.00229270541
3306,40345.6622188802
3305,39141.42332605501
3244,21890.65492457972
3326,18086.96744611617
3351,28465.46562366417
3342,2038.234381225665
3322,1198.2427224124237
3320,24083.351162573173
3355,11650.878378362426
3319,6581.426331414416
3381,38845.29656267495
3422,15226.500773494388
3380,17931.756210196967
3459,3933.552843595181
3560,23417.06890268624
3563,9561.36030015511
3530,3506.4623892711297
3611,4411.328451752749
3682,34934.149830046124
3655,41555.77073489334
3714,38845.29656267495
3702,4871.3521601260345
3717,39635.7202615068
3844,23932.839409416185
3840,23365.46063221164
3848,22921.484492064694
3779,70495.52105334814
3905,13357.098784986698
3868,38809.73733115361
3987,10560.750746787004
3959,2850.0714749475296
3947,39454.33651715619
4007,13631.024363738046
4011,74892.74291246702
4046,30573.00699835786
4054,37875.23381707252
4136,20271.508677028352
4166,2262.6642561884523
4218,40932.51361856073
4207,11769.983710817964
4217,3027.730651294775
4261,89726.16311954065
4234,18159.90886525248
4372,16131.2820683013
4415,88250.1288722302
4402,18097.204498595478
4431,28724.433149871023
4436,16131.2820683013
4551,24169.476395322443
4682,32127.931504341275
4721,22861.148562573966
4788,40199.93266624918
4766,49634.76929592339
4773,2676.3838468825184
4836,50575.062683117925
4903,15238.61585553759
4862,36871.59174724559
4967,21345.790355382753
5001,19068.623495188007
2535,23932.421483567992
2519,15211.876768592087
2502,11024.348084862555
2552,34771.361612459834
2566,18468.84339800842
2578,37938.799598790465
2609,17788.441539047086
2613,68096.40086999674
2666,39605.48680652219
2684,38377.45681588277
2805,28465.46562366417
2794,3389.357208279831
2807,14857.71131193463
2782,9232.707451656723
2781,23513.695304639496
2847,23470.70796289539
2925,6382.760523335814
3016,3002.6965721431015
3029,17774.947892815544
3114,54355.454152706494
3160,22921.484492064694
3163,39126.32568152096
3220,39351.03675994139
3210,13425.75990257405
3284,27461.470227834623
3354,73216.92687742687
3356,17712.87933817159
3397,32900.90866081351
3490,41588.716189899256
3477,11892.56772777079
3473,16837.38450486287
3499,22837.71863453197
3511,21034.572113289327
3565,797.4760567573941
3556,13357.098784986698
3588,23470.70796289539
3568,36886.58560332408
3643,21085.00750299712
3678,141419.42225214915
3679,31430.589610817216
3677,25490.389462288334
3652,8177.520883609542
3711,18468.84339800842
3706,24928.242691951942
3767,28072.548809446846
3728,37569.20535195495
3738,20641.954377697977
3795,22208.753444089372
3896,3027.730651294775
3969,29177.72714063662
4016,3196.1945322821666
4010,23364.673366091858
4024,39370.49490124052
4058,11769.983710817964
4103,13615.01295809829
4168,26242.391056626027
4226,29177.72714063662
4228,40329.54439304667
4338,21507.985776623056
4408,17667.301961257475
4500,11892.56772777079
4464,49950.36840715232
4534,7645.592377487983
4604,158179.53725437535
4602,39635.7202615068
4648,18462.982947554938
4606,26822.19648132527
4725,21373.301595799316
4740,34957.75394883568
4805,141419.42225214915
4860,68096.40086999674
4885,1756.0940770120344
4905,24299.015212690647
4882,24157.496705829937
4950,34771.361612459834
4955,16033.165854053255
2495,21507.985776623056
2573,18309.51060762189
2593,29792.34022435684
2590,55419.013718985836
2654,4571.537755404727
2631,18075.452138496836
2655,27365.99738739405
2657,22524.016516718842
2701,1140.8406328371752
2724,72489.83833352277
2670,14817.558326504959
2722,2884.290118610076
2759,35127.73793128632
2727,22921.484492064694
2757,31430.589610817216
2779,9822.896742388206
2789,29243.460153538872
2811,24169.476395322443
2835,10560.750746787004
2927,15974.824181819078
2923,13465.555953471101
2980,1335.9440364355535
2921,21499.87327483285
3033,19065.47485777671
3018,19656.433423436512
2982,39351.03675994139
3068,37148.9861534775
3057,2698.4510944681538
3055,39351.03675994139
3091,22956.41729173566
3135,38845.29656267495
3143,9431.112455824832
3122,20631.89670431519
3175,34847.544679776576
3287,8687.31722966684
3307,27883.522652013122
3261,27453.567834276757
3332,21112.073085090644
3450,2676.3838468825184
3368,93438.62826210225
3414,37308.59101143558
3394,7645.592377487983
3460,3480.6842202898183
3480,21403.109037527887
3468,24095.07084110606
3487,15058.404428659043
3500,26034.948803526295
3531,15713.798721029421
3557,6831.654094880341
3538,38623.144170352854
3515,40932.51361856073
3618,17740.27977596988
3571,74470.16187921258
3572,45750.868864745775
3609,10417.668166711986
3619,28465.46562366417
3683,11807.021007479072
3676,44215.25759437898
3669,6831.654094880341
3695,8051.577808482861
3715,16131.2820683013
3699,49891.75529486966
3721,797.4760567573941
3753,6086.018468924939
3775,32608.087002765762
3726,37177.30470322632
3812,32900.90866081351
3838,38821.547973870416
3845,12611.46315903129
3809,19790.54672383434
3935,20655.738569356738
3917,44832.67533163281
3862,37569.20535195495
3922,31430.589610817216
3914,9704.800832839815
3879,67685.0672182552
3939,41178.680668328125
3940,47251.863957644244
3954,38823.17964703843
3956,22616.465959318255
3990,1166.9169934309691
3981,4877.602535515521
4026,24318.329954270168
4004,6396.06956305638
4031,39874.55571563364
4041,21388.22682614683
4072,17949.542175185234
4067,16875.867873386203
4149,15256.433870813185
4107,6143.886469726611
4097,177862.8578963028
4143,4358.870042300781
4101,13357.098784986698
4181,18169.51687518596
4231,16315.477102543633
4233,8567.849343929847
4285,28749.494352682188
4377,6831.654094880341
4319,4757.315586117368
4405,13636.696209836962
4409,12644.032472264464
4425,14841.433595220731
4495,19068.623495188007
4511,28966.02024330666
4564,7645.592377487983
4580,11062.43520239417
4677,1724.8408443176609
4622,19644.07677719103
4629,27701.56234386981
4692,161433.10683145045
4707,6940.1112633647435
4709,24574.150533539367
4704,3001.6065879231846
4782,8275.978154434384
4770,13980.651912377138
4820,16538.549952618658
4810,21350.13863856214
4809,39412.70655666767
4880,23883.213990403758
4956,128694.76734591236
4957,1812.1778868842728
4963,21507.985776623056
4934,10283.747445329911
2504,1812.1778868842728
2510,21152.951419468616
2537,14688.071016153533
2530,21299.30259073213
2543,37737.211604599615
2579,1657.277842812658
2554,30598.068201169026
2601,27408.75510246769
2644,49634.76929592339
2651,39454.33651715619
2594,36871.59174724559
2686,3502.863082812142
2714,16520.359864768037
2769,3956.3903494799765
2793,13203.626445053656
2798,1325.3761124021494
2856,24214.204233542612
2869,816.7474560984076
2896,24159.559106399272
2970,16660.143507730085
2990,15226.500773494388
3159,16131.2820683013
3141,39412.70655666767
3108,11863.682873895985
3217,49634.76929592339
3211,11097.849736645261
3283,13357.098784986698
3298,20927.885895553267
3385,22690.534966308074
3482,3716.7715514924325
3491,16503.08226774948
3607,30573.00699835786
3584,6868.370626901066
3689,2794.063980950718
3696,42174.332954308105
3690,21503.08825605772
3765,30573.00699835786
3980,9771.528268732418
3971,13203.626445053656
3989,21403.109037527887
3998,16776.77889078202
3994,39454.33651715619
4027,41153.94392348481
4085,33596.57653587735
4163,3891.654680216565
4167,20641.954377697977
4220,37569.20535195495
4277,6086.018468924939
4278,37924.94581728961
4260,26104.405098872576
4294,29243.460153538872
4357,10190.11263604883
4384,36903.88354736129
4399,30295.65385148681
4419,29869.879381346764
4483,8555.91482851624
4443,49891.75529486966
4461,21041.98470708215
4535,41716.35185144823
4537,16538.549952618658
4567,27701.56234386981
4618,170108.57298485123
4623,23470.70796289539
4658,25013.5226246706
4626,67685.0672182552
4758,40229.14968323662
4767,4900.343329527444
4790,25823.45249130886
4813,15214.315420061517
4794,2220.1102719438904
4796,11097.849736645261
4793,36492.88825597845
4821,44601.456060151264
4856,19763.02356439341
4853,40802.90189176324
4875,149619.26774088433
4973,4070.19016757321
4962,93820.56773109936
5036,12887.645368081752
5027,68627.53321158717
5128,28465.46562366417
5199,31228.315143823733
5167,28229.288499455906
5233,59131.78095154701
5223,25569.636834650843
5262,11494.768414787246
5230,14183.985044631372
5244,23364.673366091858
5306,29759.670112287673
5415,27883.522652013122
5496,15713.798721029421
5475,21327.118861542644
5492,16131.2820683013
5511,20843.208221297627
5470,10082.45288423569
5531,16028.706416296058
5587,17986.537504198677
5573,21499.87327483285
5558,9661.492862781026
5617,76664.84586557357
5625,2556.3185296354054
5618,6425.899143811865
5616,31430.589610817216
5661,21152.951419468616
5745,5656.5140883967815
5815,9729.818606057499
5836,39351.03675994139
5841,26034.948803526295
5916,38699.75898337002
5892,34771.361612459834
5965,4248.434298723904
5954,54355.454152706494
6026,8696.632371161177
6010,18203.939417103775
6049,18395.866527814233
6053,41062.24241402977
6038,68096.40086999674
6087,12644.032472264464
6141,12644.032472264464
6173,162343.9226471208
6172,41555.77073489334
6155,38821.547973870416
6129,58880.62459692772
6198,39370.49490124052
6174,3248.1987050767298
6179,2856.2367597747916
6180,31430.589610817216
6228,128694.76734591236
6254,25108.892615458786
6325,22153.757803113745
6387,13999.776629280876
6424,70495.52105334814
6393,15151.299750142802
6395,37875.23381707252
6462,24498.227369393036
6450,67685.0672182552
6498,36061.64117818125
6458,25731.314007123296
6530,16380.741129202104
6571,4923.584068068717
6637,37272.26459155845
6602,21499.87327483285
6655,3443.9221843925184
6807,17802.2001269211
6863,35439.534185934426
6840,6831.654094880341
6960,24566.9443706683
7029,36726.38487503867
7065,2505.576438287931
7178,15151.299750142802
7151,1812.1778868842728
7169,3089.1997949393426
7219,11484.04790405586
7226,197108.78022710903
7432,18075.452138496836
7460,18170.000371741815
7504,41555.77073489334
7490,18174.04694620942
7610,21396.531465966797
7640,505.4949174490922
7669,40345.6622188802
7629,14762.83768281071
5039,37872.160946645214
5051,197108.78022710903
5083,26175.567893240055
5062,58880.62459692772
5096,2552.464536272021
5106,22747.73410584473
5168,94009.77914154548
5165,48527.2351355117
5190,7174.160621473561
5176,6831.654094880341
5192,22524.016516718842
5254,13100.9559419848
5248,22990.532048262
5319,30573.00699835786
5356,13920.859155675984
5500,1299.3585217075024
5466,2438.61927469016
5556,13479.682801939523
5530,67685.0672182552
5599,39043.14933308595
5602,35301.79007999638
5635,1884.0753054510888
5713,28323.56292600076
5715,36492.88825597845
5748,11653.36861143151
5727,25731.314007123296
5829,20735.974382146094
5788,22990.532048262
5891,24414.471925827667
5971,24127.682178090967
5994,24448.096701460057
6090,21606.864990564016
6109,1993.7895483109583
6157,41711.46305828813
6168,121890.27936062853
6182,30573.00699835786
6241,16315.477102543633
6242,11777.227710217565
6293,20641.954377697977
6304,108727.3128774398
6335,10772.906351886932
6369,38232.162772655785
6381,10602.328617758316
6413,11812.881457932557
6418,2552.464536272021
6401,24868.525568818295
6495,16660.143507730085
6649,40077.912125417584
6719,22951.51977117033
6808,13636.696209836962
6752,22946.99648539306
6824,1978.958590363221
6885,65063.40764327077
6851,51376.59068164325
6836,14718.849578267906
6949,35439.534185934426
6912,1241.1609575755429
7034,18313.319419615942
7023,28608.059307754284
7061,39700.50356692358
7096,39126.32568152096
7040,1957.6436519970916
7066,15862.571258892234
7207,4341.15734844854
7336,36666.19435538411
7296,20332.916056220864
7272,198782.1741149895
7370,1439.770839238367
7372,38946.379379738
7365,10145.468554154406
7383,117487.5274070846
7399,14187.246281221764
7431,691.5974116530414
7428,10969.61750957693
7475,35301.79007999638
7497,18591.246928630797
7540,39141.42332605501
7545,40932.51361856073
7520,13536.425248576139
5059,38295.453015549974
5034,38377.45681588277
5025,13465.555953471101
5043,26457.466877561452
5069,26822.19648132527
5080,12684.964810813995
5136,37957.23761740531
5105,37267.40055070599
5124,18016.781336514985
5153,2649.7075180582233
5191,20679.770510103797
5250,32948.34005493224
5236,13297.325608131678
5313,41555.77073489334
5314,839.9878469133911
5333,38121.40086683991
5385,49634.76929592339
5487,17807.680953107985
5465,68627.53321158717
5441,2856.2367597747916
5547,30573.00699835786
5651,161433.10683145045
5677,22194.09694895104
5772,9521.726394743644
5823,23815.916711767113
5786,55419.013718985836
5868,161433.10683145045
5937,2850.0714749475296
6015,15151.299750142802
6024,11590.203970232458
6007,23458.870153746888
6031,27634.92369172457
6165,2969.8274303435333
6163,13999.776629280876
6232,24179.39559079763
6211,37938.799598790465
6186,36871.59174724559
6314,34771.361612459834
6244,816.7474560984076
6390,70929.52723937233
6372,21488.357907651844
6434,23031.108413736438
6430,16776.77889078202
6499,17295.736200781797
6541,36253.85720912219
6567,23397.622996112677
6575,32013.361041994584
6604,39412.70655666767
6579,3350.8242681519546
6676,35301.79007999638
6690,21499.87327483285
6731,6925.353257958364
6732,13636.696209836962
6841,13624.761694423354
6873,11769.983710817964
6844,37308.59101143558
6888,37957.23761740531
7025,11863.682873895985
6967,19763.02356439341
6975,16881.72832383969
6969,36603.09752503753
7238,20648.328042285608
7230,11758.026811946937
7291,14771.38828513779
7302,24928.242691951942
7256,37957.23761740531
7342,9771.528268732418
7343,36694.7041324821
7351,17019.483468488703
7465,128694.76734591236
7477,39462.238910714055
7410,34771.361612459834
7509,13203.626445053656
7576,24127.682178090967
7559,24169.476395322443
7574,10145.468554154406
7556,40345.6622188802
7632,3189.2570631769377
7618,21606.864990564016
7651,23818.87612167077
5052,6092.027616420427
5058,98744.51015294273
5070,15214.315420061517
5072,13028.25559988052
5078,18066.82665217831
5099,33973.098085533544
5123,24374.952804160268
5147,18067.343879191234
5163,14827.306746752305
5186,18078.859246372245
5217,93111.10746258649
5310,2884.290118610076
5325,23392.162233904954
5288,16131.2820683013
5293,21152.951419468616
5284,4900.980876553244
5419,15977.121467330444
5438,16766.251673807903
5374,40802.90189176324
5404,39476.50073640713
5476,31430.589610817216
5488,103933.20467052434
5528,78844.46610871857
5536,11807.021007479072
5627,19786.186521630585
5620,39454.33651715619
5613,16033.165854053255
5609,13636.696209836962
5619,18395.866527814233
5680,6314.403239322974
5633,46216.11755481661
5642,9661.492862781026
5683,26034.948803526295
5628,41153.94392348481
5752,37957.23761740531
5749,21041.98470708215
5690,32127.931504341275
5804,8696.632371161177
5827,69278.70271352486
5799,35439.534185934426
5890,3891.654680216565
5876,13624.761694423354
5867,21032.236980622805
5882,29825.40312518992
5980,18132.583956475497
5945,38809.73733115361
5940,56866.93668668749
5951,21032.236980622805
5956,26104.405098872576
5974,39995.49953571898
5950,21816.87459147151
5991,100485.62704762582
5992,37938.799598790465
6028,12531.492470880952
6060,11769.983710817964
6059,1812.1778868842728
6058,36871.59174724559
6064,8923.953795843916
6055,18380.044319928693
6108,163360.96228758252
6072,11769.983710817964
6086,39882.45810919151
6130,89029.30579280776
6132,12040.092725192042
6222,23293.665706316046
6215,12684.964810813995
6332,16315.477102543633
6360,98449.79690406662
6346,36903.88354736129
6354,28931.744935681294
6343,23355.82349308492
6404,19068.623495188007
6444,6031.287893639315
6512,70171.61027599766
6509,38821.547973870416
6523,16781.16655886432
6554,30748.21851321404
6568,41588.716189899256
6540,29247.211056496777
6570,13161.688381109161
6619,5251.783020111207
6610,68627.53321158717
6603,30295.65385148681
6620,39832.92575514512
6724,30825.005159109132
6687,15490.316407131408
6663,39462.238910714055
6715,81493.5745308877
6777,24064.353851355856
6741,17070.18748190055
6801,34329.47440436002
6803,21862.506616372088
6855,2062.564018434371
6871,3791.495483840715
6909,33521.74945156507
6919,38295.453015549974
6904,49891.75529486966
6950,1951.5075517519306
6964,6031.287893639315
6985,25569.636834650843
6987,20737.276298221037
7033,155324.84607213485
7121,19068.623495188007
7104,5251.783020111207
7087,18116.586868570143
7149,47357.090230850205
7071,141419.42225214915
7067,2533.8393480438326
7181,14716.102314980402
7191,22616.465959318255
7206,85133.86563924921
7211,13079.840548846114
7213,24154.03169816338
7228,19299.994412340326
7298,23311.453202051198
7311,2856.2367597747916
7316,10157.65390758727
7398,4045.8988281134325
7464,22946.99648539306
7501,11245.782413991097
7483,18268.715658464258
7609,16131.2820683013
7650,16875.867873386203
5044,171492.79987559278
5092,15226.500773494388
5085,162343.9226471208
5087,39454.33651715619
5130,38845.29656267495
5120,31294.04815672598
5121,13312.08361353806
5207,41555.77073489334
5231,33521.74945156507
5329,3559.648282348231
5418,18137.489171884663
5386,2038.021013651806
5433,2197.4193316109845
5354,19848.61949577189
5527,16958.090555986528
5521,18128.738393752177
5656,21152.951419468616
5631,13819.91322358248
5782,49278.62591407473
5725,18680.046446794975
5729,27883.522652013122
5819,19656.433423436512
5865,34329.47440436002
5898,2856.2367597747916
5966,24127.682178090967
6025,38650.04698315294
6000,20655.738569356738
6065,17795.65315131542
6061,23416.641054889835
6051,4152.269414170352
6103,41804.77085703795
6074,37875.23381707252
6091,105033.22967753992
6075,4791.488990119877
6081,32127.931504341275
6240,141419.42225214915
6329,39335.77016774169
6296,33621.63773868852
6357,3502.863082812142
6423,11111.961891865267
6419,21403.109037527887
6514,10560.750746787004
6490,14889.993137696838
6578,93855.46778096152
6565,19068.623495188007
6595,35439.534185934426
6613,24096.116608258362
6718,15211.876768592087
6660,5331.768647696107
6683,1335.9440364355535
6744,68627.53321158717
6782,24225.883355448255
6734,22990.532048262
6927,29759.670112287673
6959,19065.47485777671
6896,41762.76833860931
6976,3490.4513214365265
7174,8177.520883609542
7153,39605.48680652219
7196,37000.2455732476
7166,4160.496641536879
7247,28465.46562366417
7217,37875.23381707252
7246,20477.301109157448
7212,3945.0890986055215
7260,28072.548809446846
7332,20652.589931945444
7275,16881.72832383969
7373,3945.0890986055215
7337,11878.440879302367
7425,39454.33651715619
7445,28465.46562366417
7555,26714.11304696987
7542,68976.56223939877
7615,35439.534185934426
7613,22100.235964666088
7581,16875.867873386203
7568,22153.757803113745
7606,11892.56772777079
7599,29177.72714063662
7626,13175.72260864198
7660,33973.098085533544
7661,39237.90810994591
7656,14841.433595220731
7726,141419.42225214915
7751,2722.341717094602
7750,8117.685758671081
7779,1335.9440364355535
7793,3027.730651294775
7803,67685.0672182552
7863,14292.442213115775
7986,38007.02573161678
7964,13999.776629280876
8093,12174.703204478294
8089,39141.42332605501
8135,21162.822617989284
8119,22524.016516718842
8113,19966.073268649732
8128,17157.60419439511
8160,24159.559106399272
8179,13326.21046200648
8186,11245.782413991097
8242,3002.6965721431015
8240,26457.466877561452
8236,36492.88825597845
8384,25281.4033434446
8413,40199.93266624918
8429,110916.4524332119
8427,17074.40355236459
8412,17802.2001269211
8493,19068.623495188007
8485,13297.325608131678
8540,4449.871972563158
8535,9771.528268732418
8617,21870.112007750406
8604,38821.547973870416
8630,3309.5351012030205
8711,19068.623495188007
8728,53379.61570838138
8698,24635.991926865605
8771,11246.630236636502
8784,22524.016516718842
8810,27883.522652013122
8918,1461.124798324566
8904,4815.504096137245
8928,19724.604246053397
8978,23440.856433408608
8992,30839.070067983117
9017,28182.850584718224
9037,15977.121467330444
9081,74470.16187921258
9044,21350.13863856214
9115,40932.51361856073
9201,18060.46411296028
9184,2582.3390013753096
9202,15974.824181819078
9280,78331.5850685406
9322,102356.00408455665
9312,19299.994412340326
9357,14971.030666438
9383,6879.270630139115
9452,3878.6548002101495
9494,22556.52067314072
9543,89726.16311954065
9554,39723.31815781462
9624,11769.983710817964
9630,20444.4270523743
9698,16875.867873386203
9721,15086.505597311469
9757,40199.93266624918
9814,10278.676958721504
9812,26104.405098872576
9810,21499.87327483285
9792,17712.87933817159
9791,3186.023047058079
9838,13028.25559988052
9822,8100.294201574614
9972,21032.236980622805
9970,3896.4745656994805
9852,22162.593125191677
9976,18680.046446794975
9989,13203.626445053656
9991,27883.522652013122
10038,23470.70796289539
10074,26034.948803526295
10054,21403.109037527887
10048,40932.51361856073
10108,20875.976921617497
10113,19786.186521630585
10166,21578.475837995124
10177,41657.54206540335
10190,20806.704591751324
7686,17593.87386011564
7682,4934.1635489429445
7747,21498.56497028045
7789,13212.011066121711
7745,30207.814468524488
7818,19298.104252903613
7943,35439.534185934426
7980,48143.53683868284
7956,39969.56780372952
8006,19065.47485777671
8097,24154.03169816338
8069,1871.8962578496696
8140,11807.021007479072
8129,161433.10683145045
8130,36152.177696849874
8124,19656.433423436512
8181,2554.3040777923834
8176,97589.34626054534
8142,13980.651912377138
8213,26191.32310132597
8220,35439.534185934426
8208,29825.40312518992
8288,3208.5820472719747
8394,3606.677263784875
8364,10072.687999476897
8433,23837.360217749967
8501,47098.653465360425
8550,39995.49953571898
8637,49891.75529486966
8718,162343.9226471208
8746,29759.670112287673
8823,37023.31672351498
8902,35439.534185934426
8922,17149.44435790793
8880,36253.85720912219
8934,39557.35050863009
9038,11863.682873895985
9133,108573.68896674954
9170,11892.56772777079
9174,16315.477102543633
9187,20113.689181030662
9206,36726.38487503867
9179,22921.484492064694
9298,11097.849736645261
9297,6925.353257958364
9264,36492.88825597845
9353,18140.009844131724
9402,167394.78616621954
9389,13079.840548846114
9381,11863.682873895985
9413,24448.096701460057
9546,49825.345006200245
9521,22951.51977117033
9510,11707.932024874885
9524,2050.166461516204
9579,9431.112455824832
9603,5819.006380869921
9679,14046.715604095207
9689,37957.23761740531
9712,39874.55571563364
9731,29759.670112287673
9744,27883.522652013122
9786,21818.176507546454
9789,26025.141217772303
9944,21138.827121579707
10037,15414.294646612829
10025,71650.49768351209
10059,183607.2059524442
10042,67685.0672182552
10117,11769.983710817964
10088,5251.783020111207
10162,11178.452757140645
10261,38377.45681588277
10315,91839.75962790071
10239,5864.066271904952
10274,96165.06774157647
10289,24116.27748486048
10271,32373.801393584556
10305,14306.569061584198
7724,8445.585976331644
7743,3387.7146195388837
7740,11024.348084862555
7757,33521.74945156507
7753,34083.30735459264
7792,40532.891106407435
7866,39303.09895933716
7799,37957.23761740531
7920,6086.018468924939
7887,26753.148925127964
7915,27883.522652013122
7948,16592.45160170767
7987,76664.84586557357
7970,40802.90189176324
7993,16875.867873386203
8013,13357.098784986698
8053,27962.951007517702
8025,18078.859246372245
8008,8546.166092191173
8027,16782.926620178005
8095,3502.863082812142
8081,29887.261554729306
8112,18075.452138496836
8067,13615.01295809829
8071,2346.707103653842
8120,23311.453202051198
8114,41555.77073489334
8134,18158.742981027175
8149,5328.768298185721
8161,33521.74945156507
8182,23355.82349308492
8155,11018.227529993566
8212,89029.30579280776
8228,18019.244659598142
8217,6031.287893639315
8206,32857.37583952316
8339,13999.776629280876
8329,21243.548497605243
8301,29177.72714063662
8378,37875.23381707252
8382,23392.162233904954
8387,34657.51453278141
8372,40329.54439304667
8369,17931.993542766773
8443,24725.074684131676
8445,14609.365342877669
8439,49634.76929592339
8407,27461.470227834623
8470,38821.547973870416
8508,15347.523824628619
8507,132298.66610802634
8494,35439.534185934426
8466,11863.682873895985
8534,15256.433870813185
8603,13624.761694423354
8655,16738.414824311538
8657,39963.17114253028
8673,170904.19216061186
8659,1789.315522762807
8723,4571.537755404727
8674,21499.87327483285
8706,28724.433149871023
8758,34847.544679776576
8748,15223.811284005695
8747,2365.342662821912
8864,18315.371058075372
8825,7030.025856447985
8808,36492.88825597845
8813,12321.505995547272
8818,23950.475862205687
8895,25099.088368711215
8878,39351.03675994139
8951,9431.112455824832
8998,19146.52207240728
9013,21138.827121579707
9005,6006.394798202739
9033,22914.665396850283
9054,22988.26015680552
9057,6344.317358552956
9101,2884.290118610076
9031,2932.554274871229
9168,11769.983710817964
9105,19786.186521630585
9120,1296.8072473364698
9145,25443.198246121254
9143,3852.8456477358404
9233,5139.398569089198
9221,37272.26459155845
9279,3087.5657762332335
9285,37957.23761740531
9338,37957.23761740531
9310,22153.757803113745
9394,58880.62459692772
9393,2262.600536833752
9362,2962.677337905621
9412,15126.362932610753
9434,5914.677093352183
9450,49634.76929592339
9424,10767.538703203934
9501,6382.760523335814
9507,38650.04698315294
9598,11452.88219834855
9556,13161.688381109161
9572,11892.56772777079
9592,38859.26968519999
9573,21299.30259073213
9634,128694.76734591236
9657,13615.01295809829
9644,21539.828641692915
9652,19108.720711910668
9696,85375.94372318183
9706,48527.2351355117
9697,27381.45503780704
9701,70495.52105334814
9782,566.1331792911097
9726,22616.465959318255
9806,23277.822592517667
9805,11097.849736645261
9798,21152.951419468616
9953,34150.52082170827
10028,23447.96229173725
10005,15124.453150905081
10032,7974.245225986376
10086,2169.525150326862
10157,18170.000371741815
10164,32338.32184102203
10125,70495.52105334814
10126,20927.885895553267
10092,60841.57751255201
10144,19068.623495188007
10203,38377.45681588277
10209,2491.8924445148996
10175,28157.78938190706
10286,11707.932024874885
10316,22669.41252787663
10310,1641.9500055701772
7680,36492.88825597845
7696,25569.636834650843
7716,23414.287014138677
7794,18949.114922027133
7864,153791.98042238448
7828,161433.10683145045
7849,28465.46562366417
7874,58880.62459692772
7853,22616.465959318255
7891,3910.9978372443525
7917,14359.179192585267
7876,42243.07085220352
7936,1928.4194159199503
7940,81493.5745308877
7963,4240.673841194562
7974,20927.885895553267
8040,20655.738569356738
8059,4931.232039670171
8052,41762.76833860931
8091,1951.5075517519306
8072,30573.00699835786
8099,15214.315420061517
8334,40022.11930889221
8280,33596.57653587735
8530,22951.51977117033
8482,3087.5657762332335
8565,4307.249644516988
8576,27453.567834276757
8595,88568.6633420894
8571,24127.682178090967
8549,20875.976921617497
8579,36835.323663350704
8667,25008.41172974273
8684,26034.948803526295
8735,34657.51453278141
8742,34150.52082170827
8775,15060.174220081879
8755,31640.97994749797
8750,1335.9440364355535
8851,28465.46562366417
8853,19763.02356439341
8866,11807.021007479072
8915,21258.539238551388
8886,8018.446369311567
8943,19966.073268649732
9001,24414.471925827667
9058,2612.464544161106
9102,29214.571235880874
9169,68096.40086999674
9249,36492.88825597845
9236,18128.738393752177
9251,16131.2820683013
9261,21931.77894623825
9275,23846.991708117566
9276,46044.43094961146
9263,16875.867873386203
9358,25169.252152928377
9348,35985.422814374404
9400,30598.068201169026
9361,15104.907218382956
9465,38650.04698315294
9539,17795.846032723723
9519,34771.361612459834
9508,2749.6940721831807
9561,10969.61750957693
9619,3559.648282348231
9666,41588.716189899256
9661,9551.328492906774
9720,22524.016516718842
9683,68627.53321158717
9760,22407.615414481843
9840,92245.44679746668
9831,3679.0264440318056
9975,89726.16311954065
9961,15787.65228016757
10013,5719.50808616277
9984,1461.124798324566
10078,13410.100456226428
10156,35377.97314731313
10213,21403.109037527887
7689,39462.238910714055
7736,37872.160946645214
7868,1657.277842812658
7815,36255.23694139156
7927,3126.5919916432176
7888,4029.9285653119155
7990,27883.522652013122
7998,9015.040053213426
8039,22100.235964666088
8148,8275.978154434384
8175,40022.11930889221
8282,11208.633368858409
8337,1978.798541356278
8300,27883.522652013122
8248,13920.859155675984
8264,1480.4597516858682
8327,31430.589610817216
8390,39969.56780372952
8393,15347.523824628619
8351,18102.535502128478
8400,22153.757803113745
8422,14298.988161186027
8529,53180.47265483085
8566,18350.455699655533
8643,10187.587004906074
8636,12185.529602545826
8699,20806.704591751324
8756,18076.3764775768
8783,11863.682873895985
8822,68627.53321158717
8862,22058.861951060193
8887,31107.338117211046
9029,17712.87933817159
9089,39454.33651715619
9159,8162.626326047179
9171,11892.56772777079
9324,22169.19817589992
9329,18128.738393752177
9344,8018.446369311567
9385,25008.41172974273
9376,4900.980876553244
9428,8567.849343929847
9474,35439.534185934426
9440,38859.26968519999
9454,23470.70796289539
9607,11024.348084862555
9597,45750.868864745775
9669,76664.84586557357
9622,37872.160946645214
9659,2940.7361895615477
9708,25569.636834650843
9753,16538.549952618658
9780,34150.52082170827
9788,3502.863082812142
9916,4395.8611214146595
9968,68627.53321158717
9859,4025.9618633875452
9924,38933.07807919329
10010,19786.186521630585
10040,2952.246422835312
10052,39605.48680652219
10087,2631.6841973882747
10185,39635.7202615068
10220,45209.883053317804
10202,24448.096701460057
10187,29243.460153538872
10248,22100.235964666088
10319,16647.958154297212
10382,13357.098784986698
10352,11321.09013927343
10431,23453.189392984907
10456,14857.71131193463
10452,37872.160946645214
10457,70495.52105334814
10512,5840.194177734783
10460,29869.879381346764
10492,25823.45249130886
10558,839.9878469133911
10567,1335.9440364355535
10631,67224.42476753684
10655,7229.460168642604
10616,22047.830525396526
10729,13425.75990257405
10770,13357.098784986698
10811,2884.290118610076
10785,48325.24823095396
10839,39635.7202615068
10814,64794.38501421586
10887,13918.483377026874
10903,162771.02795322138
10902,11095.135597016719
11030,37957.23761740531
11069,24541.931495106237
11086,108272.97083604541
11049,39464.02969625936
11150,6482.800275783618
11144,15862.571258892234
11113,18082.345861992344
11175,23458.870153746888
11170,11845.11378963824
11215,24958.485850234323
11246,41555.77073489334
11268,16881.72832383969
11334,15974.824181819078
11331,76664.84586557357
11393,37308.59101143558
11409,5173.298865158276
11445,19757.11544591055
11425,23458.870153746888
11399,19763.02356439341
11497,15226.500773494388
11493,36492.88825597845
11465,37811.94357417833
11468,39351.03675994139
11598,12476.659512543463
11583,19256.093147128897
11610,37875.23381707252
11612,102533.04230956927
11618,17712.87933817159
11635,21041.98470708215
11713,40866.70893505996
11878,16776.77889078202
11847,20652.589931945444
11968,76664.84586557357
11972,11863.682873895985
12050,9729.818606057499
12148,21539.828641692915
12173,8911.805046470023
12138,39141.42332605501
12259,18078.859246372245
12261,13161.688381109161
12292,8162.626326047179
12325,104116.2984952803
12354,8069.915349952351
12385,17996.44486485986
12416,1946.9244149792826
12464,111106.26968827924
12499,19995.07160313033
12508,24557.685150064255
12476,11321.09013927343
12538,30579.41379543945
12542,3771.646563355193
12570,21499.87327483285
12578,11248.60793694976
12554,38933.07807919329
12631,68096.40086999674
12628,6940.1112633647435
12691,2340.6912543000813
12688,21152.951419468616
12721,70495.52105334814
12740,37938.799598790465
10326,18066.51342925983
10403,37272.26459155845
10413,37272.26459155845
10453,21104.380343816872
10439,5173.298865158276
10510,13972.352622412802
10472,107513.91543394525
10478,57147.93567974516
10489,26104.405098872576
10537,91504.20876271029
10524,14966.741483725333
10570,89726.16311954065
10587,4471.911344527818
10686,13203.626445053656
10689,19786.186521630585
10714,11807.021007479072
10730,5173.298865158276
10819,30598.068201169026
10852,6831.654094880341
10850,91460.04448938681
10873,18140.009844131724
10858,19256.093147128897
11004,3956.3903494799765
10928,47025.96017608311
10962,13101.153505834685
10953,163370.4539373081
11037,15123.54032274487
11013,28465.46562366417
11020,11878.440879302367
11029,40532.891106407435
11051,9658.667339822363
11108,51557.453798360235
11145,20247.17446461119
11142,39454.33651715619
11233,31294.04815672598
11167,41555.77073489334
11218,4568.712232446065
11235,4912.3430887695295
11234,26136.14985906133
11294,2552.464536272021
11352,37272.26459155845
11383,21499.87327483285
11386,41588.716189899256
11358,27883.522652013122
11395,3104.4253728495314
11454,5001.5873232347885
11443,505.4949174490922
11474,12114.088323998025
11459,34811.32541208688
11458,97804.9503851093
11503,2855.198220130445
11522,4877.626510352952
11548,36758.58950413431
11558,4293.070868755304
11557,2969.8274303435333
11634,21345.790355382753
11628,16958.090555986528
11608,44215.25759437898
11693,13624.761694423354
11682,91519.78139577626
11698,11097.849736645261
11702,23416.641054889835
11691,39995.49953571898
11763,36492.88825597845
11754,23364.673366091858
11769,21345.790355382753
11777,32608.087002765762
11791,3606.677263784875
11770,2062.564018434371
11806,14046.715604095207
11813,89912.20119975059
11805,39462.238910714055
11810,35439.534185934426
11859,2869.5123626870995
11891,1812.1778868842728
11844,3036.2439836368494
11855,39351.03675994139
11922,16813.61584766313
11956,11769.983710817964
11946,6002.777582363043
11978,24577.363816073033
12015,41352.73281703819
11983,15974.824181819078
11988,16806.03177573348
11977,233052.8276490712
12063,37872.160946645214
12125,11092.310074058054
12097,6831.654094880341
12043,32601.044351558212
12188,16552.894769962993
12202,35985.422814374404
12290,21539.828641692915
12247,6733.328248308446
12271,11705.514291020472
12340,3787.3485298711153
12332,39351.03675994139
12310,25490.389462288334
12407,22100.235964666088
12384,5189.324908686873
12363,39462.238910714055
12409,12147.865820955738
12397,23364.673366091858
12421,21606.864990564016
12439,505.4949174490922
12453,2340.6912543000813
12466,13920.859155675984
12507,23364.673366091858
12488,2400.5895783215688
12472,63425.143018938346
12522,25219.29482060705
12512,29825.40312518992
12513,43672.77241388211
12586,24179.39559079763
12598,11807.021007479072
12576,229852.90386073836
12606,39237.90810994591
12575,38823.17964703843
12596,32049.31939326636
12617,6323.415177389157
12619,5337.831076350228
12644,32127.931504341275
12629,22524.016516718842
12687,37938.799598790465
12693,68096.40086999674
12700,38650.04698315294
12692,37308.59101143558
12703,40802.90189176324
12701,25760.436668304006
12709,11590.203970232458
10349,141419.42225214915
10343,14741.315974949584
10394,28802.133208883803
10356,20655.738569356738
10440,24702.984020739987
10418,3973.8280296873413
10471,15986.31152880737
10501,56652.27890233612
10544,18159.90886525248
10583,41263.57700519456
10598,8177.520883609542
10760,22208.753444089372
10793,41730.92555012748
10856,38851.36729164213
10972,110650.66351451242
10930,28072.548809446846
10920,36492.88825597845
10966,25169.252152928377
11015,11097.849736645261
11011,157586.86958223314
11044,16875.867873386203
11018,13175.72260864198
11068,10560.750746787004
11075,38443.01660880854
11141,18785.925006246885
11163,2658.2762216497154
11192,26778.210127939128
11261,15151.299750142802
11269,4331.834846897553
11273,8177.520883609542
11327,9431.112455824832
11387,88250.1288722302
11419,17305.628391950155
11501,3878.6548002101495
11554,19292.915746153005
11530,18159.90886525248
11550,37924.94581728961
11515,18995.46887993582
11527,18170.000371741815
11599,21498.56497028045
11632,170108.57298485123
11626,17027.57819738368
11709,22706.97075366399
11729,5015.636887341643
11749,1509.0486254002508
11778,21499.87327483285
11794,35301.79007999638
11781,3793.269775830195
11827,37177.30470322632
11800,13615.01295809829
11833,16958.090555986528
11863,21931.77894623825
11963,3896.4745656994805
11967,7338.539537787085
12018,121312.15097885883
12010,6368.262721326779
12044,17042.36500929191
12041,25490.389462288334
12086,26151.579806301892
12199,49891.75529486966
12131,37811.94357417833
12133,22583.854622333347
12174,34680.949289244825
12219,21327.118861542644
12233,30573.00699835786
12276,19068.623495188007
12228,28157.78938190706
12288,47813.058623524084
12214,1362.0738480736609
12342,15238.61585553759
12331,17795.846032723723
12398,68096.40086999674
12467,677.328869030189
12447,6954.238111833166
12460,39832.92575514512
12495,2722.341717094602
12470,17479.293890800112
12539,9079.235111723678
12647,40532.891106407435
12639,27883.522652013122
12659,11878.440879302367
12678,48059.994274105324
12748,26859.54095869767
10379,1510.408329537645
10357,7238.46520360238
10432,839.9878469133911
10435,166516.63532862096
10557,8117.685758671081
10552,22951.51977117033
10530,6579.569223297146
10600,37875.23381707252
10591,43855.28967578193
10609,27883.522652013122
10621,7993.995913919697
10701,7645.592377487983
10697,14718.849578267906
10743,39351.03675994139
10772,36903.88354736129
10761,39335.77016774169
10776,6831.654094880341
10709,5040.219549124606
10824,3418.29598178329
10834,41263.57700519456
10889,65522.48817345257
10933,18268.715658464258
10977,235240.01373534507
10945,505.4949174490922
11005,11321.09013927343
11066,11769.983710817964
11111,2884.290118610076
11138,6754.427390512312
11162,8567.849343929847
11156,36510.84320806846
11208,20875.976921617497
11190,13028.25559988052
11245,22690.534966308074
11252,24299.015212690647
11277,25020.579232080203
11298,63178.33762601803
11398,39183.00057741334
11418,16672.260090867072
11408,39237.90810994591
11448,16131.2820683013
11496,37924.94581728961
11506,40802.90189176324
11569,2287.6677435168413
11586,20569.51581018033
11560,44234.715735678124
11584,21032.236980622805
11561,18078.859246372245
11642,7645.592377487983
11620,23392.162233904954
11660,29214.571235880874
11665,19065.47485777671
11707,40345.6622188802
11667,24635.991926865605
11718,22058.861951060193
11738,42831.022904897225
11774,29570.65559902335
11793,6211.4191477630575
11784,33775.44861799399
11816,2262.600536833752
11823,41588.716189899256
11820,21183.72075789746
11895,67224.42476753684
11919,4397.749037910872
11864,1174.1580244945387
11965,7974.245225986376
11952,38845.29656267495
11957,27461.470227834623
12012,15058.404428659043
12016,57911.35413085102
12029,16485.291116026092
12104,18170.000371741815
12213,11769.983710817964
12320,36871.59174724559
12381,15920.912931126417
12438,37957.23761740531
12482,32900.90866081351
12525,3114.316849534177
12532,5199.84962568882
12523,16958.090555986528
12558,37875.23381707252
12591,24305.746532004283
12609,11892.56772777079
12670,21818.176507546454
12760,169441.59812209717
10323,721.5476451448731
10502,23447.96229173725
10470,11245.782413991097
10529,16638.87958522494
10542,27883.522652013122
10532,25823.45249130886
10543,19763.02356439341
10547,22556.52067314072
10589,32608.087002765762
10604,13536.425248576139
10679,36903.88354736129
10694,6006.394798202739
10682,8771.61720153309
10658,3625.5937932893385
10704,39837.70716606453
10795,13100.9559419848
10786,8117.685758671081
10812,18786.713984199985
10870,30207.814468524488
10845,98184.2961511646
10989,26822.19648132527
11006,3678.758776627386
11074,1951.5075517519306
11063,38946.379379738
11137,23392.162233904954
11174,39635.7202615068
11203,4138.107380103161
11173,8114.328429107434
11262,32448.531110081127
11250,3186.023047058079
11342,11769.983710817964
11275,11769.983710817964
11291,4608.682381737297
11286,18468.84339800842
11297,76664.84586557357
11349,40237.05207679447
11394,2977.249106785626
11350,39141.42332605501
11356,3785.2091986530413
11405,4328.108413509997
11478,18159.90886525248
11552,35416.463035667046
11529,43855.28967578193
11513,39490.93208458308
11601,24127.682178090967
11672,37875.23381707252
11684,26104.405098872576
11732,22921.484492064694
11719,21162.822617989284
11737,18462.982947554938
11783,162343.9226471208
11786,88568.6633420894
11811,23470.70796289539
11796,13324.274316811801
11887,41223.1210902407
11969,41915.89618881833
11960,35455.778059707714
12026,58880.62459692772
12115,41588.716189899256
12083,17718.397142470032
12152,14183.985044631372
12297,23364.673366091858
12347,7645.592377487983
12383,6831.654094880341
12380,38845.29656267495
12392,19068.623495188007
12449,41018.6879597105
12454,50389.685335971866
12505,40532.891106407435
12477,51388.18407603337
12529,36871.59174724559
12518,11769.983710817964
12555,24218.511787556232
12641,117940.61425459781
12664,26616.891775177348
12694,32338.32184102203
12697,39454.33651715619
12742,32608.087002765762
12714,28724.433149871023
12762,22784.63158062797
12724,15347.523824628619
